{"cameraMode":{"drawMode":0,"name":"Shaded","section":"Shading Mode"},"sceneLighting":true,"audioPlay":false,"sceneViewState":{"m_AlwaysRefresh":false,"showFog":true,"showSkybox":true,"showFlares":true,"showImageEffects":true,"showParticleSystems":true,"showVisualEffectGraphs":true,"m_FxEnabled":true},"in2DMode":false,"pivot":{"x":1108.9908447265625,"y":35.130130767822269,"z":880.5746459960938},"rotation":{"x":0.07541093975305557,"y":0.6538617610931397,"z":-0.06397217512130737,"w":0.7506846785545349},"size":129.1664581298828,"orthographic":false}